Team,PP ID,League,GOL ID,Leaguepedia ID,Team GOL ID,Team Leageupedia ID
BRO,Morgan,LCK,Morgan,Morgan,OK BRION,OKSavingsBank_BRION
BRO,HamBak,LCK,HamBak,HamBak,OK BRION,OKSavingsBank_BRION
BRO,Clozer,LCK,Clozer,Clozer,OK BRION,OKSavingsBank_BRION
BRO,Hype,LCK,Hype,Hype_(Byeon_Jeong-hyeon),OK BRION,OKSavingsBank_BRION
BRO,Bull,LCK,Bull,Bull,OK BRION,OKSavingsBank_BRION
BRO,Pollu,LCK,Pollu,Pollu,OK BRION,OKSavingsBank_BRION
DK,Siwoo,LCK,Siwoo,Siwoo,Dplus KIA,Dplus_KIA
DK,Lucid,LCK,Lucid,Lucid_(Choi_Yong-hyeok),Dplus KIA,Dplus_KIA
DK,Showmaker,LCK,Showmaker,ShowMaker,Dplus KIA,Dplus_KIA
DK,Aiming,LCK,Aiming,Aiming,Dplus KIA,Dplus_KIA
DK,Beryl,LCK,Beryl,BeryL,Dplus KIA,Dplus_KIA
DRX,Rich,LCK,Rich,Rich_(Lee_Jae-won),DRX,DRX
DRX,Sponge,LCK,Sponge,Sponge,DRX,DRX
DRX,Ucal,LCK,Ucal,Ucal,DRX,DRX
DRX,Teddy,LCK,Teddy,Teddy,DRX,DRX
DRX,Andil,LCK,Andil,Andil,DRX,DRX
FOX,Clear,LCK,Clear,Clear_(Song_Hyeon-min),BNK FearX,BNK_FEARX
FOX,Raptor,LCK,Raptor,Raptor_(Jeon_Eo-jin),BNK FearX,BNK_FEARX
FOX,Vicla,LCK,Vicla,Vicla,BNK FearX,BNK_FEARX
FOX,Diable,LCK,Diable,Diable,BNK FearX,BNK_FEARX
FOX,Kellin,LCK,Kellin,Kellin,BNK FearX,BNK_FEARX
GEN,Kiin,LCK,Kiin,Kiin,Gen.G eSports,Gen.G
GEN,Canyon,LCK,Canyon,Canyon,Gen.G eSports,Gen.G
GEN,Chovy,LCK,Chovy,Chovy,Gen.G eSports,Gen.G
GEN,Ruler,LCK,Ruler,Ruler,Gen.G eSports,Gen.G
GEN,Duro,LCK,Duro,Duro,Gen.G eSports,Gen.G
HLE,Zeus,LCK,Zeus,Zeus,Hanwha Life eSports,Hanwha_Life_Esports
HLE,Peanut,LCK,Peanut,Peanut,Hanwha Life eSports,Hanwha_Life_Esports
HLE,Zeka,LCK,Zeka,Zeka_(Kim_Geon-woo),Hanwha Life eSports,Hanwha_Life_Esports
HLE,Viper,LCK,Viper,Viper_(Park_Do-hyeon),Hanwha Life eSports,Hanwha_Life_Esports
HLE,Delight,LCK,Delight,Delight,Hanwha Life eSports,Hanwha_Life_Esports
DN Freecs,DuDu,LCK,DuDu,DuDu_(Lee_Dong-ju),DN Freecs,DN_Freecs
DN Freecs,Pyosik,LCK,Pyosik,Pyosik,DN Freecs,DN_Freecs
DN Freecs,Bulldog,LCK,Bulldog,BuLLDoG_(Lee_Tae-young),DN Freecs,DN_Freecs
DN Freecs,Berserker,LCK,Berserker,Berserker_(Kim_Min-cheol),DN Freecs,DN_Freecs
DN Freecs,Life,LCK,Life,Life,DN Freecs,DN_Freecs
KT,PerfecT,LCK,PerfecT,PerfecT_(Lee_Seung-min),KT Rolster,KT Rolster
KT,Cuzz,LCK,Cuzz,Cuzz,KT Rolster,KT Rolster
KT,Bdd,LCK,Bdd,Bdd,KT Rolster,KT Rolster
KT,Deokdam,LCK,Deokdam,Deokdam,KT Rolster,KT Rolster
KT,Way,LCK,Way,Way_(Han_Gil),KT Rolster,KT Rolster
NS,Kingen,LCK,Kingen,Kingen,Nongshim RedForce,Nongshim RedForce
NSC,Sylvie,LCK,Sylvie,Sylvie,NS Esports Academy,NS Esports Academy
NS,Fisher,LCK,Fisher,Fisher_(Lee_Jeong-tae),Nongshim RedForce,Nongshim RedForce
NS,Jiwoo,LCK,Jiwoo,Jiwoo,Nongshim RedForce,Nongshim RedForce
NS,Lehends,LCK,Lehends,Lehends,Nongshim RedForce,Nongshim RedForce
T1,Doran,LCK,Doran,Doran_(Choi_Hyeon-joon),T1,T1
T1,Oner,LCK,Oner,Oner,T1,T1
T1,Faker,LCK,Faker,Faker,T1,T1
T1,Gumayusi,LCK,Gumayusi,Gumayusi,T1,T1
T1,Keria,LCK,Keria,Keria,T1,T1
BROC,Lonely,LCKCL,Lonely,Lonely_(Han_Gyu-joon),OK BRION Challengers,OKSavingsBank_BRION_Challengers
BROC,Ellim,LCKCL,Ellim,Ellim,OK BRION Challengers,OKSavingsBank_BRION_Challengers
BROC,Starlit,LCKCL,Starlit,Starlit,OK BRION Challengers,OKSavingsBank_BRION_Challengers
BROC,Levy,LCKCL,Levy,Levy,OK BRION Challengers,OKSavingsBank_BRION_Challengers
BROC,Kice,LCKCL,Kice,Kice,OK BRION Challengers,OKSavingsBank_BRION_Challengers
DKC,Jaehyuk,LCKCL,Jaehyuk,Jaehyuk,DK Challengers,Dplus_KIA_Challengers
DKC,Sungmin,LCKCL,Sungmin,Sungmin,DK Challengers,Dplus_KIA_Challengers
DKC,Sharvel,LCKCL,Sharvel,Sharvel,DK Challengers,Dplus_KIA_Challengers
DKC,Garden,LCKCL,Garden,Garden_(Seol_Jeong-won),DK Challengers,Dplus_KIA_Challengers
DKC,Wayne,LCKCL,Wayne,Wayne_(Hwang_Seo-hyeon),DK Challengers,Dplus_KIA_Challengers
DKC,Thumb,LCKCL,Thumb,Thumb,DK Challengers,Dplus_KIA_Challengers
DRXC,Frog,LCKCL,Frog,Frog_(Lee_Min-hoi),DRX Challengers,DRX_Challengers
DRXC,Juhan,LCKCL,Juhan,Juhan,DRX Challengers,DRX_Challengers
DRXC,Kyeahoo,LCKCL,Kyeahoo,Kyeahoo,DRX Challengers,DRX_Challengers
DRX,Lazyfeel,LCK,Lazyfeel,LazyFeel,DRX,DRX
DRXC,Alive,LCKCL,Alive,Alive,DRX Challengers,DRX_Challengers
DRXC,Pleata,LCKCL,Pleata,Pleata,DRX Challengers,DRX_Challengers
FOXC,Soboro,LCKCL,Soboro,Soboro,BNK FEARX Youth,BNK_FEARX_Youth
FOXC,Bonnie,LCKCL,Bonnie,Bonnie,BNK FEARX Youth,BNK_FEARX_Youth
FOXC,Daystar,LCKCL,Daystar,Daystar,BNK FEARX Youth,BNK_FEARX_Youth
FOXC,Envyy,LCKCL,Envyy,Envyy,BNK FEARX Youth,BNK_FEARX_Youth
FOXC,Career,LCKCL,Career,Career,BNK FEARX Youth,BNK_FEARX_Youth
GENGA,Hanbyeol,LCKCL,Hanbyeol,Hanbyeol,Gen.G Global Academy,Gen.G_Global_Academy
GENGA,Wet,LCKCL,Wet,Wet,Gen.G Global Academy,Gen.G_Global_Academy
GENGA,Kemish,LCKCL,Kemish,Kemish,Gen.G Global Academy,Gen.G_Global_Academy
GENGA,About,LCKCL,About,About,Gen.G Global Academy,Gen.G_Global_Academy
GENGA,Namgung,LCKCL,Namgung,Namgung,Gen.G Global Academy,Gen.G_Global_Academy
HLEC,Rooster,LCKCL,Rooster,Rooster,HLE Challengers,Hanwha_Life_Esports_Challengers
HLEC,Grizzly,LCKCL,Grizzly,Grizzly,HLE Challengers,Hanwha_Life_Esports_Challengers
HLEC,Jackal,LCKCL,Jackal,Jackal_(Lee_Su-min),HLE Challengers,Hanwha_Life_Esports_Challengers
HLEC,Tempester,LCKCL,Tempester,Tempester,HLE Challengers,Hanwha_Life_Esports_Challengers
HLEC,Pyeonsik,LCKCL,Pyeonsik,Pyeonsik,HLE Challengers,Hanwha_Life_Esports_Challengers
HLEC,Bluffing,LCKCL,Bluffing,Bluffing,HLE Challengers,Hanwha_Life_Esports_Challengers
DNFC,Lancer,LCKCL,Lancer,Lancer,DNF Challengers,DN_Freecs_Challengers
DNFC,DDoiV,LCKCL,DDoiV,DDoiV,DNF Challengers,DN_Freecs_Challengers
DN FREECS,Pungyeon,LCKCL,Pungyeon,Pungyeon,DN Freecs,DN_Freecs
DNFC,Slayer,LCKCL,Slayer,Slayer_(Kim_Jin-young),DNF Challengers,DN_Freecs_Challengers
DNFC,Minous,LCKCL,Minous,Minous,DNF Challengers,DN_Freecs_Challengers
DNFC,Quantum,LCKCL,Quantum,Quantum_(Son_Jeong-hwan),DNF Challengers,DN_Freecs_Challengers
KTC,Casting,LCKCL,Casting,Casting,KT Challengers,KT_Rolster_Challengers
KTC,Sero,LCKCL,Sero,Sero,KT Challengers,KT_Rolster_Challengers
KTC,Youngjae,LCKCL,Youngjae,Youngjae,KT Challengers,KT_Rolster_Challengers
KTC,Zinie,LCKCL,Zinie,Zinie,KT Challengers,KT_Rolster_Challengers
KTC,Paduck,LCKCL,Paduck,Paduck,KT Challengers,KT_Rolster_Challengers
KTC,Peter,LCKCL,Peter,Peter_(Jeong_Yoon-su),KT Challengers,KT_Rolster_Challengers
NSC,Kangin,LCKCL,Kangin,Kangin,NS Esports Academy,NS_Esports_Academy
NSC,Carim,LCKCL,Carim,Carim,NS Esports Academy,NS Esports Academy
NS,Gideon,LCK,Gideon,Gideon,Nongshim RedForce,Nongshim RedForce
NSC,Calix,LCKCL,Calix,Calix_(Syun_Hyun-bin),NS Esports Academy,NS_Esports_Academy
NSC,Vital,LCKCL,Vital,Vital,NS Esports Academy,NS_Esports_Academy
NSC,Lucy,LCKCL,Lucy,Lucy_(Hyun_Soo-hoon),NS Esports Academy,NS_Esports_Academy
T1C,HaeTae,LCKCL,HaeTae,HaeTae,T1 Esports Academy,T1_Esports_Academy
T1C,Vincenzo,LCKCL,Vincenzo,Vincenzo_(Ha_Seung-min),T1 Esports Academy,T1_Esports_Academy
T1C,Guti,LCKCL,Guti,Guti_(Moon_Jeong-hwan),T1 Esports Academy,T1_Esports_Academy
T1C,Poby,LCKCL,Poby,Poby,T1 Esports Academy,T1_Esports_Academy
T1,Smash,LCKCL,Smash,Smash_(Sin_Geum-jae),T1,T1
T1C,Cloud,LCKCL,Cloud,Cloud_(Moon_Hyeon-ho),T1 Esports Academy,T1_Esports_Academy
BDS,Irrelevant,LEC,Irrelevant,Irrelevant,Team BDS,Team_BDS
BDS,113,LEC,113,113,Team BDS,Team_BDS
BDS,nuc,LEC,nuc,nuc,Team BDS,Team_BDS
BDS,Ice,LEC,Ice,Ice,Team BDS,Team_BDS
BDS,Parus,LEC,Parus,Parus,Team BDS,Team_BDS
FNC,Oscarinin,LEC,Oscarinin,Oscarinin,Fnatic,Fnatic
FNC,Razork,LEC,Razork,Razork,Fnatic,Fnatic
FNC,Humanoid,LEC,Humanoid,Humanoid,Fnatic,Fnatic
FNC,Upset,LEC,Upset,Upset,Fnatic,Fnatic
FNC,MikyX,LEC,MikyX,MikyX,Fnatic,Fnatic
G2,BrokenBlade,LEC,BrokenBlade,BrokenBlade,G2 Esports,G2_Esports
G2,Skewmond,LEC,Skewmond,Skewmond,G2 Esports,G2_Esports
G2,Caps,LEC,Caps,Caps,G2 Esports,G2_Esports
G2,HansSama,LEC,Hans Sama,Hans Sama,G2 Esports,G2_Esports
G2,Labrov,LEC,Labrov,Labrov,G2 Esports,G2_Esports
GX,Lot,LEC,Lot,Lot,GIANTX,GIANTX
GX,Closer,LEC,Closer,Closer_(Can_Çelik),GIANTX,GIANTX
GX,Jackies,LEC,Jackies,Jackies,GIANTX,GIANTX
GX,Noah,LEC,Noah,Noah_(Oh_Hyeon-taek),GIANTX,GIANTX
GX,Jun,LEC,Jun,Jun_(Yoon_Se-jun),GIANTX,GIANTX
KC,Canna,LEC,Canna,Canna,Karmine Corp,Karmine_Corp
KC,Yike,LEC,Yike,Yike,Karmine Corp,Karmine_Corp
KC,Vladi,LEC,Vladi,Vladi,Karmine Corp,Karmine_Corp
KC,Caliste,LEC,Caliste,Caliste,Karmine Corp,Karmine_Corp
KC,Targamas,LEC,Targamas,Targamas,Karmine Corp,Karmine_Corp
KOI,Myrwn,LEC,Myrwn,Myrwn,Movistar KOI,Movistar_KOI
KOI,Elyoya,LEC,Elyoya,Elyoya,Movistar KOI,Movistar_KOI
KOI,Jojopyun,LEC,Jojopyun,Jojopyun,Movistar KOI,Movistar_KOI
KOI,Supa,LEC,Supa,Supa,Movistar KOI,Movistar_KOI
KOI,Alvaro,LEC,Alvaro,Alvaro_(Álvaro_Fernández),Movistar KOI,Movistar_KOI
RGE,Adam,LEC,Adam,Adam_(Adam_Maanane),Rogue,Rogue_(European_Team)
RGE,Malrang,LEC,Malrang,Malrang,Rogue,Rogue_(European_Team)
RGE,Larssen,LEC,Larssen,Larssen,Rogue,Rogue_(European_Team)
RGE,Patrik,LEC,Patrik,Patrik,Rogue,Rogue_(European_Team)
RGE,Execute,LEC,Execute,Execute,Rogue,Rogue_(European_Team)
SK,JNX,LEC,JNX,JNX,SK Gaming,SK_Gaming
SK,ISMA,LEC,ISMA,ISMA,SK Gaming,SK_Gaming
SK,Reeker,LEC,Reeker,Reeker,SK Gaming,SK_Gaming
SK,Rahel,LEC,Rahel,Rahel,SK Gaming,SK_Gaming
SK,Loopy,LEC,Loopy,Loopy,SK Gaming,SK_Gaming
TH,Carlsen,LEC,Carlsen,Carlsen,Team Heretics,Team_Heretics
TH,Sheo,LEC,Sheo,Sheo,Team Heretics,Team_Heretics
TH,Kamiloo,LEC,Kamiloo,Kamiloo,Team Heretics,Team_Heretics
TH,Flakked,LEC,Flakked,Flakked,Team Heretics,Team_Heretics
TH,Stend,LEC,Stend,Stend,Team Heretics,Team_Heretics
VIT,NaakNako,LEC,Naak Nako,Naak Nako,Team Vitality,Team_Vitality
VIT,Lyncas,LEC,Lyncas,Lyncas,Team Vitality,Team_Vitality
VIT,Czajek,LEC,Czajek,Czajek,Team Vitality,Team_Vitality
VIT,Carzzy,LEC,Carzzy,Carzzy,Team Vitality,Team_Vitality
VIT,Hylissang,LEC,Hylissang,Hylissang,Team Vitality,Team_Vitality
AL,Flandre,LPL,Flandre,Flandre,Anyone s Legend,Anyone s Legend
AL,Tarzan,LPL,Tarzan,Tarzan_(Lee_Seung-yong),Anyone s Legend,Anyone s Legend
AL,Shanks,LPL,Shanks,Shanks,Anyone s Legend,Anyone s Legend
AL,Hope,LPL,Hope,Hope_(Wang_Jie),Anyone s Legend,Anyone s Legend
AL,Kael,LPL,Kael,Kael_(Kim_Jin-hong),Anyone s Legend,Anyone s Legend
BLG,Bin,LPL,Bin,Bin_(Chen_Ze-Bin),Bilibili Gaming,Bilibili Gaming
BLG,Wei,LPL,Wei,Wei_(Yan_Yang-Wei),Bilibili Gaming,Bilibili Gaming
BLG,Knight,LPL,Knight,Knight_(Zhuo_Ding),Bilibili Gaming,Bilibili Gaming
BLG,Elk,LPL,Elk,Elk,Bilibili Gaming,Bilibili Gaming
BLG,ON,LPL,ON,ON,Bilibili Gaming,Bilibili Gaming
EDG,zdz,LPL,Zdz,Zdz,EDward Gaming,EDward Gaming
EDG,xiaohao,LPL,Xiaohao,Xiaohao,EDward Gaming,EDward Gaming
EDG,Angel,LPL,Angel,Angel_(Xiang_Tao),EDward Gaming,EDward Gaming
EDG,Assum,LPL,Assum,Assum,EDward Gaming,EDward Gaming
EDG,Wink,LPL,Wink,Wink,EDward Gaming,EDward Gaming
FPX,Sheer,LPL,Sheer,Sheer,Funplus Phoenix,Funplus Phoenix
FPX,Sorrow,LPL,Sorrow,Sorrow_(Li_De-Ming),Funplus Phoenix,Funplus Phoenix
FPX,Shad0w,LPL,Shad0w,Shad0w,Funplus Phoenix,Funplus Phoenix
FPX,Care,LPL,Care,Care,Funplus Phoenix,Funplus Phoenix
FPX,Bat,LPL,Bat,Bat_(Gao_Jun),Funplus Phoenix,Funplus Phoenix
FPX,Jwei,LPL,Jwei,Jwei,Funplus Phoenix,Funplus Phoenix
IG,TheShy,LPL,TheShy,TheShy,Invictus Gaming,Invictus Gaming
IG,JieJie,LPL,JieJie,JieJie,Invictus Gaming,Invictus Gaming
IG,Rookie,LPL,Rookie,Rookie,Invictus Gaming,Invictus Gaming
IG,Gala,LPL,Gala,Gala,Invictus Gaming,Invictus Gaming
IG,Meiko,LPL,Meiko,Meiko,Invictus Gaming,Invictus Gaming
JDG,Ale,LPL,Ale,Ale,JD Gaming,JD Gaming
JDG,Xun,LPL,Xun,Xun,JD Gaming,JD Gaming
JDG,Scout,LPL,Scout,Scout,JD Gaming,JD Gaming
JDG,Peyz,LPL,Peyz,Peyz,JD Gaming,JD Gaming
JDG,Missing,LPL,Missing,MISSING,JD Gaming,JD Gaming
LGD,Sasi,LPL,Sasi,Sasi_(Yan_Rui),LGD Gaming,LGD Gaming
LGD,Climber,LPL,Climber,Climber,LGD Gaming,LGD Gaming
LGD,Meteor,LPL,Meteor,Meteor,LGD Gaming,LGD Gaming
LGD,Xqw,LPL,Xqw,Xqw,LGD Gaming,LGD Gaming
LGD,Shaoye,LPL,Shaoye,Shaoye,LGD Gaming,LGD Gaming
LGD,Ycx,LPL,Ycx,Ycx,LGD Gaming,LGD Gaming
LNG,Zika,LPL,Zika,Zika,LNG Esports,LNG Esports
LNG,Weiwei,LPL,Weiwei,Weiwei,LNG Esports,LNG Esports
LNG,Haichao,LPL,Haichao,Haichao,LNG Esports,LNG Esports
LNG,Photic,LPL,Photic,Photic,LNG Esports,LNG Esports
LNG,Zhuo,LPL,Zhuo,Zhuo,LNG Esports,LNG Esports
NIP,Shanji,LPL,Shanji,Shanji,Ninjas in Pyjamas,Ninjas_in_Pyjamas.CN
NIP,Aki,LPL,Aki,Aki_(Mao_An),Ninjas in Pyjamas,Ninjas_in_Pyjamas.CN
NIP,Doinb,LPL,Doinb,Doinb,Ninjas in Pyjamas,Ninjas_in_Pyjamas.CN
NIP,Leave,LPL,Leave,Leave,Ninjas in Pyjamas,Ninjas_in_Pyjamas.CN
NIP,Ppgod,LPL,Ppgod,Ppgod,Ninjas in Pyjamas,Ninjas_in_Pyjamas.CN
OMG,Hery,LPL,Hery,Hery,OMG,Oh_My_God
OMG,Heng,LPL,Heng,Heng,OMG,Oh_My_God
OMG,Linfeng,LPL,Linfeng,Linfeng,OMG,Oh_My_God
OMG,Starry,LPL,Starry,Starry,OMG,Oh_My_God
OMG,Moham,LPL,Moham,Moham,OMG,Oh_My_God
RNG,Xiaoxu,LPL,Xiaoxu,Xiaoxu,Royal Never Give Up,Royal Never Give Up
RNG,Milkyway,LPL,Milkyway,Milkyway,Royal Never Give Up,Royal Never Give Up
RNG,Tangyuan,LPL,Tangyuan,Tangyuan,Royal Never Give Up,Royal Never Give Up
RNG,JiaQi,LPL,JiaQi,JiaQi,Royal Never Give Up,Royal Never Give Up
RNG,Lele,LPL,Lele,Lele_(Dang_Bo-Lin),Royal Never Give Up,Royal Never Give Up
TES,369,LPL,369,369,Top Esports,Top_Esports
TES,Kanavi,LPL,Kanavi,Kanavi,Top Esports,Top_Esports
TES,Creme,LPL,Creme,Creme,Top Esports,Top_Esports
TES,Jackeylove,LPL,Jackeylove,JackeyLove,Top Esports,Top_Esports
TES,Crisp,LPL,Crisp,Crisp,Top Esports,Top_Esports
TT,HOYA,LPL,HOYA,HOYA,TT,ThunderTalk Gaming
TT,beichuan,LPL,beichuan,beichuan,TT,ThunderTalk Gaming
TT,Setab,LPL,Setab,Setab,TT,ThunderTalk Gaming
TT,1xn,LPL,1xn,1xn,TT,ThunderTalk Gaming
TT,Feather,LPL,Feather,Feather,TT,ThunderTalk Gaming
UP,1Jiang,LPL,1Jiang,1Jiang,Ultra Prime,Ultra Prime
UP,Junhao,LPL,Junhao,Junhao,Ultra Prime,Ultra Prime
UP,Saber,LPL,Saber,Saber_(Song_Dai-Lin),Ultra Prime,Ultra Prime
UP,Wako,LPL,Wako,Wako,Ultra Prime,Ultra Prime
UP,RosieLove,LPL,RosieLove,RosieLove,Ultra Prime,Ultra Prime
WBG,Breathe,LPL,Breathe,Breathe,Weibo Gaming,Weibo Gaming
WBG,Tian,LPL,Tian,Tian,Weibo Gaming,Weibo Gaming
WBG,Xiaohu,LPL,Xiaohu,Xiaohu,Weibo Gaming,Weibo Gaming
WBG,Light,LPL,Light,Light_(Wang_Guang-Yu),Weibo Gaming,Weibo Gaming
WBG,Hang,LPL,Hang,Hang,Weibo Gaming,Weibo Gaming
WE,Cube,LPL,Cube,Cube_(Dai_Yi),Team WE,Team WE
WE,Beluga,LPL,Beluga,Beluga,Team WE,Team WE
WE,Tianzhen,LPL,Tianzhen,Tianzhen,Team WE,Team WE
WE,Karis,LPL,Karis,Karis,Team WE,Team WE
WE,Taeyoon,LPL,Taeyoon,Taeyoon,Team WE,Team WE
WE,Vampire,LPL,Vampire,Vampire,Team WE,Team WE
CFO,Driver,LCP,Driver,Driver,CTBC Flying Oyster,CTBC_Flying_Oyster
CFO,Rest,LCP,Rest,Rest,CTBC Flying Oyster,CTBC_Flying_Oyster
CFO,JunJia,LCP,JunJia,JunJia,CTBC Flying Oyster,CTBC_Flying_Oyster
CFO,HongQ,LCP,HongQ,HongQ,CTBC Flying Oyster,CTBC_Flying_Oyster
CFO,Doggo,LCP,Doggo,Doggo,CTBC Flying Oyster,CTBC_Flying_Oyster
CFO,Kaiwing,LCP,Kaiwing,Kaiwing,CTBC Flying Oyster,CTBC_Flying_Oyster
SHG,Evi,LCP,Evi,Evi,Fukuoka SoftBank HAWKS gaming,Fukuoka_SoftBank_HAWKS_gaming
SHG,Courage,LCP,Courage,Courage_(Jeon_Hyun-min),Fukuoka SoftBank HAWKS gaming,Fukuoka_SoftBank_HAWKS_gaming
SHG,Fate,LCP,Fate,FATE_(Yoo_Su-hyeok),Fukuoka SoftBank HAWKS gaming,Fukuoka_SoftBank_HAWKS_gaming
SHG,Marble,LCP,Marble,Marble,Fukuoka SoftBank HAWKS gaming,Fukuoka_SoftBank_HAWKS_gaming
SHG,Gaeng,LCP,Gaeng,Gaeng,Fukuoka SoftBank HAWKS gaming,Fukuoka_SoftBank_HAWKS_gaming
Gam,Kiaya,LCP,Kiaya,Kiaya,GAM Esports,GAM_Esports
Gam,Levi,LCP,Levi,Levi,GAM Esports,GAM_Esports
Gam,Aress,LCP,Aress,Aress,GAM Esports,GAM_Esports
Gam,Emo,LCP,Emo,Emo,GAM Esports,GAM_Esports
Gam,Artemis,LCP,Artemis,Artemis_(Trần_Quốc_Hưng),GAM Esports,GAM_Esports
Gam,Easylove,LCP,Easylove,Easylove,GAM Esports,GAM_Esports
Gam,Elio,LCP,Elio,Elio,GAM Esports,GAM_Esports
TLN,Azhi,LCP,Azhi,Azhi,TALON,TALON_(Hong_Kong_Team)
TLN,Karsa,LCP,Karsa,Karsa,TALON,TALON_(Hong_Kong_Team)
TLN,FoFo,LCP,FoFo,FoFo,TALON,TALON_(Hong_Kong_Team)
TLN,Betty,LCP,Betty,Betty,TALON,TALON_(Hong_Kong_Team)
TLN,Woody,LCP,Woody,Woody,TALON,TALON_(Hong_Kong_Team)
CEC,Biopanther,LCP,Biopanther,Biopanther,Chiefs eSports Club,Chiefs_Esports_Club
CEC,Mir,LCP,Mir,Mir_(Park_Mi-reu),Chiefs eSports Club,Chiefs_Esports_Club
CEC,Jimien,LCP,Jimien,Jimien,Chiefs eSports Club,Chiefs_Esports_Club
CEC,Leemas,LCP,Leemas,Leemas,Chiefs eSports Club,Chiefs_Esports_Club
CEC,Luon,LCP,Luon,Luon,Chiefs eSports Club,Chiefs_Esports_Club
DFM,Rayfarky,LCP,Rayfarky,Rayfarky,Detonation FocusMe,DetonatioN_FocusMe
DFM,Guwon,LCP,Guwon,Guwon,Detonation FocusMe,DetonatioN_FocusMe
DFM,Aria,LCP,Aria,Aria_(Lee_Ga-eul),Detonation FocusMe,DetonatioN_FocusMe
DFM,Kakkun,LCP,Kakkun,Kakkun,Detonation FocusMe,DetonatioN_FocusMe
DFM,Milan,LCP,Milan,Milan,Detonation FocusMe,DetonatioN_FocusMe
DFM,Harp,LCP,Harp,Harp,Detonation FocusMe,DetonatioN_FocusMe
VKE,Kratos,LCP,Kratos,Kratos,MGN Vikings Esports,MGN_Vikings_Esports
VKE,Gury,LCP,Gury,Gury,MGN Vikings Esports,MGN_Vikings_Esports
VKE,SanSan,LCP,SanSan,SanSan,MGN Vikings Esports,MGN_Vikings_Esports
VKE,Chika,LCP,Chika,Chika,MGN Vikings Esports,MGN_Vikings_Esports
VKE,Kati,LCP,Kati,Kati,MGN Vikings Esports,MGN_Vikings_Esports
VKE,Shogun,LCP,Shogun,Shogun_(Nguyễn_Văn_Huy),MGN Vikings Esports,MGN_Vikings_Esports
VKE,Sty1e,LCP,Sty1e,Sty1e,MGN Vikings Esports,MGN_Vikings_Esports
VKE,SiuLoong,LCP,SiuLoong,SiuLoong,MGN Vikings Esports,MGN_Vikings_Esports
VKE,SwordArt,LCP,SwordArt,SwordArt,MGN Vikings Esports,MGN_Vikings_Esports
SW,Hiro02,LCP,Hiro02,Hiro02,Team Secret Whales,Team_Secret_Whales
SW,Steller,LCP,Steller,Steller,Team Secret Whales,Team_Secret_Whales
SW,Hizto,LCP,Hizto,Hizto,Team Secret Whales,Team_Secret_Whales
SW,Dire,LCP,Dire,Dire,Team Secret Whales,Team_Secret_Whales
SW,Eddie,LCP,Eddie,Eddie,Team Secret Whales,Team_Secret_Whales
SW,Taki,LCP,Taki,Taki_(Đinh_Anh_Tài),Team Secret Whales,Team_Secret_Whales
SW,Jcom,LCP,Jcom,Jcom,Team Secret Whales,Team_Secret_Whales
BAR,WhiteKnight,LVP,WhiteKnight,WhiteKnight,Barça eSports,Barça_eSports
BAR,Thayger,LVP,Thayger,Thayger,Barça eSports,Barça_eSports
BAR,Czekolad,LVP,Czekolad,Czekolad,Barça eSports,Barça_eSports
BAR,Legolas,LVP,Legolas,Legolas,Barça eSports,Barça_eSports
BAR,Whiteinn,LVP,Whiteinn,Whiteinn,Barça eSports,Barça_eSports
GXP,Badlulu,LVP,Badlulu,Badlulu,GIANTX Pride,GIANTX_Academy
GXP,Ferret,LVP,Ferret,Ferret,GIANTX Pride,GIANTX_Academy
GXP,Feisty,LVP,Feisty,Feisty,GIANTX Pride,GIANTX_Academy
GXP,Aetinoth,LVP,Aetinoth,Aetinoth,GIANTX Pride,GIANTX_Academy
GXP,Lospa,LVP,Lospa,Lospa,GIANTX Pride,GIANTX_Academy
GS,Selenex,LVP,Selenex,Selenex,Guasones,Guasones
GS,Infinity,LVP,Infinity,Infinity_(Christian_Hernando),Guasones,Guasones
GS,Macaquino,LVP,Macaquino,Macaquino,Guasones,Guasones
GS,ecstassy,LVP,ecstassy,ecstassy,Guasones,Guasones
GS,smarty,LVP,smarty,smarty,Guasones,Guasones
LOS,tracyn,LVP,tracyn,tracyn,Los Heretics,Los_Heretics
LOS,daglas,LVP,daglas,daglas,Los Heretics,Los_Heretics
LOS,sajator,LVP,sajator,sajator,Los Heretics,Los_Heretics
LOS,rin,LVP,rin,Rin_(Khalil_Sahraoui),Los Heretics,Los_Heretics
LOS,kaiser,LVP,kaiser,kaiser,Los Heretics,Los_Heretics
LUA,marky,LVP,marky,Marky_(Pedro_José_Serrano),LUA Gaming,LUA_Gaming
LUA,sn1lle,LVP,sn1lle,sn1lle,LUA Gaming,LUA_Gaming
LUA,hydra,LVP,hydra,Hydra_(Raúl_Moreno_Valero),LUA Gaming,LUA_Gaming
LUA,shy carry,LVP,shy carry,shy carry,LUA Gaming,LUA_Gaming
LUA,click,LVP,click,Click_(Vittorio_Massolo),LUA Gaming,LUA_Gaming
KOIA,spooder,LVP,spooder,spooder,Movistar KOI Fénix,Movistar_KOI_Fénix
KOIA,eckas,LVP,eckas,eckas,Movistar KOI Fénix,Movistar_KOI_Fénix
KOIA,fresskowy,LVP,fresskowy,fresskowy,Movistar KOI Fénix,Movistar_KOI_Fénix
KOIA,UNF0RGIVEN,LVP,UNF0RGIVEN,UNF0RGIVEN,Movistar KOI Fénix,Movistar_KOI_Fénix
KOIA,kamilius,LVP,kamilius,kamilius,Movistar KOI Fénix,Movistar_KOI_Fénix
RMB,ibo,LVP,ibo,ibo,Ramboot Club,Ramboot_Club
RMB,bluerzor,LVP,bluerzor,bluerzor,Ramboot Club,Ramboot_Club
RMB,twohoyrz,LVP,twohoyrz,twohoyrz,Ramboot Club,Ramboot_Club
RMB,coldraa,LVP,coldraa,coldraa,Ramboot Club,Ramboot_Club
RMB,pyrka,LVP,pyrka,pyrka,Ramboot Club,Ramboot_Club
UCAM,sinmivak,LVP,sinmivak,sinmivak,UCAM Esports,UCAM_Esports
UCAM,koldo,LVP,koldo,koldo,UCAM Esports,UCAM_Esports
UCAM,escik,LVP,escik,escik,UCAM Esports,UCAM_Esports
UCAM,andariel,LVP,andariel,andariel,UCAM Esports,UCAM_Esports
UCAM,ilevi,LVP,ilevi,ilevi,UCAM Esports,UCAM_Esports
VVV,cpm,LVP,cpm,cpm,Veni Vidi Vici,Veni_Vidi_Vici_(Spanish_Team)
VVV,time,LVP,time,Time_(Tiago_Almeida),Veni Vidi Vici,Veni_Vidi_Vici_(Spanish_Team)
VVV,miniduke,LVP,miniduke,miniduke,Veni Vidi Vici,Veni_Vidi_Vici_(Spanish_Team)
VVV,rayito,LVP,rayito,rayito,Veni Vidi Vici,Veni_Vidi_Vici_(Spanish_Team)
VVV,thomas,LVP,thomas,thomas,Veni Vidi Vici,Veni_Vidi_Vici_(Spanish_Team)
ZETA,ethe,LVP,ethe,ethe,ZETA,ZETA
ZETA,elojoninja,LVP,ElOjoNinja,ElOjoNinja,ZETA,ZETA
ZETA,ptt,LVP,pepiinero,pepiinero,ZETA,ZETA
ZETA,adryh,LVP,adryh,Adryh_(Adrián_Pérez),ZETA,ZETA
ZETA,escox,LVP,escox,escox,ZETA,ZETA
GSMC,Aytekn,HLL,Aytekn,Aytekn,Gamespace Mediterranean College Esports,Gamespace_Mediterranean_College_Esports
GSMC,Pallet,HLL,Pallet,Pallet,Gamespace Mediterranean College Esports,Gamespace_Mediterranean_College_Esports
GSMC,Fierce,HLL,Fierce,Fierce,Gamespace Mediterranean College Esports,Gamespace_Mediterranean_College_Esports
GSMC,Lindgarde,HLL,Lindgarde,Lindgarde,Gamespace Mediterranean College Esports,Gamespace_Mediterranean_College_Esports
GSMC,Centu,HLL,Centu,Centu,Gamespace Mediterranean College Esports,Gamespace_Mediterranean_College_Esports
RFS,Petoska,HLL,Petoska,Petoska,Team Refuse,Team_Refuse
RFS,Nasut,HLL,Nasut,Nasut,Team Refuse,Team_Refuse
RFS,Ivok,HLL,Ivok,Ivok,Team Refuse,Team_Refuse
RFS,CHECKFIDER,HLL,CHECKFIDER,CHECKFIDER,Team Refuse,Team_Refuse
RFS,Leo D Aras,HLL,Leo D Aras,Leo D Aras,Team Refuse,Team_Refuse
HELL,TheSerius,HLL,TheSerius,TheSerius,Hell Zerolag Esports,Hell_Zerolag_Esports
HELL,Kokos,HLL,Kokos,Kokos,Hell Zerolag Esports,Hell_Zerolag_Esports
HELL,Faded2,HLL,Faded,Faded_(Anastasios_Koutsouras),Hell Zerolag Esports,Hell_Zerolag_Esports
HELL,MrPhant0m,HLL,MrPhant0m,MrPhant0m,Hell Zerolag Esports,Hell_Zerolag_Esports
HELL,Wrongo,HLL,Wrongo,Wrongo,Hell Zerolag Esports,Hell_Zerolag_Esports
WLG,Sotsy,HLL,Sotsy,Sotsy,WLGaming Esports,WLGaming_Esports
WLG,Carnage,HLL,Carnage,Carnage_(Vasilis_Syrianos),WLGaming Esports,WLGaming_Esports
WLG,Tsiperakos,HLL,Tsiperakos,Tsiperakos,WLGaming Esports,WLGaming_Esports
WLG,Rafitta,HLL,Rafitta,Rafitta,WLGaming Esports,WLGaming_Esports
WLG,Gordinho,HLL,Gordinho,Gordinho,WLGaming Esports,WLGaming_Esports
APM,Loading,HLL,Loading,Loading,Actions Per Minute,Actions_Per_Minute
APM,Behave,HLL,Behave,Behave,Actions Per Minute,Actions_Per_Minute
APM,Satan,HLL,Satan,Satan_(Panagiotis_Stavrou),Actions Per Minute,Actions_Per_Minute
APM,Odi11,HLL,Odi11,Odi11,Actions Per Minute,Actions_Per_Minute
APM,Xavi,HLL,Xavi,Xavi,Actions Per Minute,Actions_Per_Minute
IN5,Nino,HLL,Nino,Nino_(Giannis_Konomis),Team Insidious,Team_Insidious
IN5,Zankiller,HLL,Zankiller,Zankiller,Team Insidious,Team_Insidious
IN5,AdyTheKid,HLL,AdyTheKid,AdyTheKid,Team Insidious,Team_Insidious
IN5,Hattor1s,HLL,Hattor1s,Hattor1s,Team Insidious,Team_Insidious
IN5,Sw3ry,HLL,Sw3ry,Sw3ry,Team Insidious,Team_Insidious
TP,Kio,HLL,Kio,Kio,Team Phantasma,Team_Phantasma
TP,Manaty,HLL,Manaty,Manaty,Team Phantasma,Team_Phantasma
TP,Peppe,HLL,Peppe,Peppe,Team Phantasma,Team_Phantasma
TP,Axelent,HLL,Axelent,Axelent,Team Phantasma,Team_Phantasma
TP,Reaver,HLL,Reaver,Reaver_(Giannis_Dimitrelis),Team Phantasma,Team_Phantasma
TPX,pr1me,HLL,pr1me,pr1me,Team Paradox,Team_Paradox
TPX,Nikolex,HLL,Nikolex,Nikolex,Team Paradox,Team_Paradox
TPX,Mentos,HLL,Mentos,Mentos,Team Paradox,Team_Paradox
TPX,Neramin,HLL,Neramin,Neramin,Team Paradox,Team_Paradox
TPX,Sparz,HLL,Sparz,Sparz,Team Paradox,Team_Paradox
BDG,Mietek,NLC,Mietek,Mietek,Bulldog Esports,Bulldog_Esports
BDG,Lulas,NLC,Lulas,Lulas,Bulldog Esports,Bulldog_Esports
BDG,Kaymin,NLC,Kaymin,Kaymin,Bulldog Esports,Bulldog_Esports
BDG,Exofeng,NLC,Exofeng,Exofeng,Bulldog Esports,Bulldog_Esports
BDG,Kasing,NLC,Kasing,Kasing,Bulldog Esports,Bulldog_Esports
NRD,Vizicsacsi,NLC,Vizicsacsi,Vizicsacsi,NORD Esports,NORD_Esports
NRD,santorin,NLC,santorin,santorin,NORD Esports,NORD_Esports
NRD,noway4u,NLC,noway4u,NoWay_(Frederik_Hinteregger),NORD Esports,NORD_Esports
NRD,xmatty,NLC,xmatty,xmatty,NORD Esports,NORD_Esports
NRD,treatz,NLC,treatz,treatz,NORD Esports,NORD_Esports
LLS,WNTR,NLC,WNTR,WNTR,Lundqvist Lightside,Lundqvist_Lightside
LLS,hybradge,NLC,hybradge,hybradge,Lundqvist Lightside,Lundqvist_Lightside
LLS,harbo,NLC,harbo,harbo,Lundqvist Lightside,Lundqvist_Lightside
LLS,rustysniper,NLC,rustysniper,rustysniper,Lundqvist Lightside,Lundqvist_Lightside
LLS,leolecargo,NLC,leolecargo,leolecargo,Lundqvist Lightside,Lundqvist_Lightside
VER,Papiteero,NLC,Papiteero,Papiteero,Verdant,Verdant
VER,NoName,NLC,NoName,NoName_(Will_Jones),Verdant,Verdant
VER,Ronaldo,NLC,Ronaldo,Ronaldo,Verdant,Verdant
VER,Mishigu,NLC,Mishigu,Mishi_(Kevin_Westerbacka),Verdant,Verdant
VER,Obstinatus,NLC,Obstinatus,Obstinatus,Verdant,Verdant
LR,Baus,NLC,Baus,Baus,Los Ratones,Los_Ratones
LR,Velja,NLC,Velja,Velja,Los Ratones,Los_Ratones
LR,Nemesis,NLC,Nemesis,Nemesis,Los Ratones,Los_Ratones
LR,Crownie,NLC,Crownie,Crownie,Los Ratones,Los_Ratones
LR,Rekkles,NLC,Rekkles,Rekkles,Los Ratones,Los_Ratones
DMG,Buchi,NLC,Buchi,Buchi,DMG Esports,DMG_Esports
DMG,Bitse,NLC,Bitse,Bitse,DMG Esports,DMG_Esports
DMG,bisgaard,NLC,Bissejr15,Bissejr15,DMG Esports,DMG_Esports
DMG,Faetski,NLC,Faetski,Faetski,DMG Esports,DMG_Esports
DMG,calmsky,NLC,calmsky,calmsky,DMG Esports,DMG_Esports
RG,Banderas,NLC,Banderas,Banderas,Rich Gang,Rich_Gang_(Norwegian_Team)
RG,Nyx,NLC,Nyx,Nyx_(Óscar_Ruiz_Vargas),Rich Gang,Rich_Gang_(Norwegian_Team)
RG,HAWHAW,NLC,HAWHAW,HAWHAW,Rich Gang,Rich_Gang_(Norwegian_Team)
RG,Nomi,NLC,Nomi,Nomi,Rich Gang,Rich_Gang_(Norwegian_Team)
RG,Eski,NLC,Eski,Eski,Rich Gang,Rich_Gang_(Norwegian_Team)
KAOS,Turtle,NLC,Turtle,Turtle_(Jo_dos_Santos),KAOS e-sport,KAOS_e-sport
KAOS,Taxvig,NLC,Taxvig,Taxvig,KAOS e-sport,KAOS_e-sport
KAOS,Zuhy,NLC,Zuhy,Zuhy,KAOS e-sport,KAOS_e-sport
KAOS,Ardaffler,NLC,Ardaffler,Ardaffler,KAOS e-sport,KAOS_e-sport
KAOS,Rutzou,NLC,Rutzou,Rutzou,KAOS e-sport,KAOS_e-sport
VNC,Elijah,NLC,Elijah,Elijah_(Elias_Alexandrakis),Venomcrest Esports,Venomcrest_Esports
VNC,Kiki,NLC,Kiki,Kiki_(Killian_Gauchey),Venomcrest Esports,Venomcrest_Esports
VNC,Lofti,NLC,Lofti,Lofti,Venomcrest Esports,Venomcrest_Esports
VNC,Mauki,NLC,Mauki,Mauki,Venomcrest Esports,Venomcrest_Esports
VNC,Lorenz,NLC,Lorenz,Lorenz,Venomcrest Esports,Venomcrest_Esports
RS,Perkz,NLC,Perkz,Perkz,The Ruddy Sack,The_Ruddy_Sack
RS,Jankos,NLC,Jankos,Jankos,The Ruddy Sack,The_Ruddy_Sack
RS,Lider,NLC,Lider,Lider,The Ruddy Sack,The_Ruddy_Sack
RS,Humzh,NLC,Humzh,Humzh,The Ruddy Sack,The_Ruddy_Sack
RS,Hustlin,NLC,Hustlin,Hustlin,The Ruddy Sack,The_Ruddy_Sack
BKR,Szygenda,LFL,Szygenda,Szygenda,BK ROG Esports,BK_ROG_Esports
BKR,Rhilech,LFL,Rhilech,Rhilech,BK ROG Esports,BK_ROG_Esports
BKR,OMON,LFL,OMON,OMON,BK ROG Esports,BK_ROG_Esports
BKR,Keduii,LFL,Keduii,Keduii,BK ROG Esports,BK_ROG_Esports
BKR,Doss,LFL,Doss,Doss,BK ROG Esports,BK_ROG_Esports
BDS.A,Hiro,LFL,Hiro02,Hiro_(Alexandre_El_Hodebey),Team BDS Academy,Team_BDS_Academy
BDS.A,Shlatan,LFL,Shlatan,Shlatan,Team BDS Academy,Team_BDS_Academy
BDS.A,Toffe,LFL,Toffe,Toffe,Team BDS Academy,Team_BDS_Academy
BDS.A,Piwek,LFL,Piwek,Piwek,Team BDS Academy,Team_BDS_Academy
BDS.A,myrtus,LFL,myrtus,myrtus,Team BDS Academy,Team_BDS_Academy
GAL,Ragner,LFL,Ragner,Ragner,Galions,Galions
GAL,Xerxe,LFL,Xerxe,Xerxe,Galions,Galions
GAL,Serin,LFL,Serin,Serin,Galions,Galions
GAL,Jezu,LFL,Jezu,Jezu,Galions,Galions
GAL,Zoelys,LFL,Zoelys,Zoelys,Galions,Galions
IJC,Howling,LFL,Howling,Howling,Ici Japon Corp. Esport,Ici_Japon_Corp._Esport
IJC,Theocacs,LFL,Theocacs,Theocacs,Ici Japon Corp. Esport,Ici_Japon_Corp._Esport
IJC,Sertuss,LFL,Sertuss,Sertuss,Ici Japon Corp. Esport,Ici_Japon_Corp._Esport
IJC,Hans Samd,LFL,Hans Samd,Hans_SamD,Ici Japon Corp. Esport,Ici_Japon_Corp._Esport
IJC,Prime,LFL,Prime,Prime_(Olivier_Payet),Ici Japon Corp. Esport,Ici_Japon_Corp._Esport
GW,Zest,LFL,Zest,Zest_(Kim_Dong-min),GameWard,GameWard
GW,Stormax,LFL,Stormax,Stormax,GameWard,GameWard
GW,Backlund,LFL,Backlund,Backlund,GameWard,GameWard
GW,Matias,LFL,Matias,Matias,GameWard,GameWard
GW,Honor,LFL,Honor,Honor,GameWard,GameWard
M8,empyros,LFL,empyros,empyros,Gentle Mates,Gentle_Mates
M8,zicssi,LFL,zicssi,zicssi,Gentle Mates,Gentle_Mates
M8,eika,LFL,eika,eika,Gentle Mates,Gentle_Mates
M8,comp,LFL,comp,comp,Gentle Mates,Gentle_Mates
M8,erdote,LFL,erdote,erdote,Gentle Mates,Gentle_Mates
JL,Leny,LFL,Leny,Leny,Joblife,Joblife
JL,Rames,LFL,Rames,Rames,Joblife,Joblife
JL,Diplex,LFL,Diplex,Diplex,Joblife,Joblife
JL,Deadly,LFL,Deadly,Deadly,Joblife,Joblife
JL,Twiizt,LFL,Twiizt,Twiizt,Joblife,Joblife
KCB,Maynter,LFL,Maynter,Maynter,Karmine Corp Blue Stars,Karmine_Corp_Blue
KCB,Boukada,LFL,Boukada,Boukada,Karmine Corp Blue Stars,Karmine_Corp_Blue
KCB,Slowq,LFL,Slowq,Slowq,Karmine Corp Blue Stars,Karmine_Corp_Blue
KCB,3xa,LFL,3xa,3xa,Karmine Corp Blue Stars,Karmine_Corp_Blue
KCB,piero,LFL,piero,Piero_(Kim_Jung-hun),Karmine Corp Blue Stars,Karmine_Corp_Blue
Vit.b,Vertigo,LFL,Vertigo,Vertigo,Vitality.Bee,Vitality.Bee
Vit.b,Lurox,LFL,Lurox,Lurox,Vitality.Bee,Vitality.Bee
Vit.b,Vetheo,LFL,Vetheo,Vetheo,Vitality.Bee,Vitality.Bee
Vit.b,Jopa,LFL,Jopa,Jopa,Vitality.Bee,Vitality.Bee
Vit.b,Fleshy,LFL,Fleshy,Fleshy,Vitality.Bee,Vitality.Bee
SLY,Kryze,LFL,Kryze,Kryze,Solary,Solary
SLY,Markoon,LFL,Markoon,Markoon,Solary,Solary
SLY,Decay,LFL,Decay,Decay,Solary,Solary
SLY,Takeset,LFL,Takeset,Takeset,Solary,Solary
SLY,Mersa,LFL,Mersa,Mersa,Solary,Solary
BLDP,Bong,TCL,Bong,Bong_(Cho_Bo-woong),BBL Dark Passage,BBL_Dark_Passage
BLDP,XnS,TCL,XnS,XnS,BBL Dark Passage,BBL_Dark_Passage
BLDP,Kofte,TCL,Kofte,Kofte,BBL Dark Passage,BBL_Dark_Passage
BLDP,Slayder,TCL,Slayder,Slayder,BBL Dark Passage,BBL_Dark_Passage
BLDP,Mxe,TCL,Mxe,Mxe,BBL Dark Passage,BBL_Dark_Passage
BJK,Photon,TCL,Photon,Photon,Besiktas Esports,Beşiktaş_Esports
BJK,Chef,TCL,Chef,CHEF,Besiktas Esports,Beşiktaş_Esports
BJK,Kireas,TCL,Kireas,Kireas,Besiktas Esports,Beşiktaş_Esports
BJK,TolanD,TCL,TolanD,TolanD,Besiktas Esports,Beşiktaş_Esports
BJK,Neon,TCL,Neon,Neon_(Matúš_Jakubčík),Besiktas Esports,Beşiktaş_Esports
BJK,Paixdia,TCL,Paixdia,Paixdia,Besiktas Esports,Beşiktaş_Esports
SUP,Armut,TCL,Armut,Armut,Papara SuperMassive,Papara_SuperMassive
SUP,Skeanz,TCL,Skeanz,Skeanz,Papara SuperMassive,Papara_SuperMassive
SUP,FIESTA,TCL,FIESTA,FIESTA_(An_Hyeon-seo),Papara SuperMassive,Papara_SuperMassive
SUP,BAO,TCL,BAO,BAO_(Jeong_Hyeon-woo),Papara SuperMassive,Papara_SuperMassive
SUP,Carry,TCL,Carry,Carry_(Mustafa_Selim_Yılmaz),Papara SuperMassive,Papara_SuperMassive
ULF,Illima,TCL,Illima,IlllIma,ULF Esports,ULF_Esports
ULF,Stefan,TCL,Stefan,Stefan,ULF Esports,ULF_Esports
ULF,Ophelia,TCL,Ophelia,Ophelia,ULF Esports,ULF_Esports
ULF,Grave,TCL,Grave,Grave,ULF Esports,ULF_Esports
ULF,Joexy,TCL,Joexy,Joexy,ULF Esports,ULF_Esports
BGT,NuQ,TCL,NuQ,NuQ,BoostGate Esports,BoostGate_Esports
BGT,Typhoon,TCL,Typhoon,Typhoon_(Tayfun_Gümüş),BoostGate Esports,BoostGate_Esports
BGT,Jool,TCL,Jool,Jool,BoostGate Esports,BoostGate_Esports
BGT,ToongE,TCL,ToongE,ToongE,BoostGate Esports,BoostGate_Esports
BGT,Patch,TCL,Patch,Patch_(Han_Seung-min),BoostGate Esports,BoostGate_Esports
BW,Destroy,TCL,Destroy,Destroy_(Yoon_Jeong-min),Bushido Wildcats,Bushido_Wildcats
BW,Citrus,TCL,Citrus,Citrus,Bushido Wildcats,Bushido_Wildcats
BW,Mercy9,TCL,Mercy9,Mercy9,Bushido Wildcats,Bushido_Wildcats
BW,Scorth,TCL,Scorth,Scorth,Bushido Wildcats,Bushido_Wildcats
BW,MonkaS,TCL,MonkaS,MonkaS,Bushido Wildcats,Bushido_Wildcats
EF,DnDn,TCL,DnDn,DnDn,Eternal Fire,Eternal_Fire
EF,Osman123,TCL,Osman123,Osman123,Eternal Fire,Eternal_Fire
EF,Ivory,TCL,Ivory,Ivory,Eternal Fire,Eternal_Fire
EF,Ruep,TCL,Ruep,Ruep,Eternal Fire,Eternal_Fire
EF,Farfetch,TCL,Farfetch,Farfetch,Eternal Fire,Eternal_Fire
MISA,Mihile,TCL,Mihile,Mihile,Misa Esports,Misa_Esports
MISA,Zanzarah,TCL,Zanzarah,Zanzarah,Misa Esports,Misa_Esports
MISA,Callme,TCL,Callme,Callme,Misa Esports,Misa_Esports
MISA,Kaori,TCL,Kaori,Kaori,Misa Esports,Misa_Esports
MISA,Batuuu,TCL,Batuuu,Batuuu,Misa Esports,Misa_Esports
FX,Hidan,LTAS,Hidan,Hidan,Fluxo,Fluxo_W7M
FX,Drakehero,LTAS,Drakehero,Drakehero,Fluxo,Fluxo_W7M
FX,Fuuu,LTAS,Fuuu,Fuuu,Fluxo,Fluxo_W7M
FX,Marvin,LTAS,Marvin,Marvin,Fluxo,Fluxo_W7M
FX,Guigs,LTAS,Guigs,Guigs,Fluxo,Fluxo_W7M
FUR,Guigo,LTAS,Guigo,Guigo,FURIA,FURIA
FUR,Tatu,LTAS,Tatu,Tatu_(Pedro_Seixas),FURIA,FURIA
FUR,Tutsz,LTAS,Tutsz,Tutsz,FURIA,FURIA
FUR,Ayu,LTAS,Ayu,Ayu_(Andrey_Saraiva),FURIA,FURIA
FUR,JoJo,LTAS,JoJo,JoJo_(Gabriel_Dzelme),FURIA,FURIA
Lev,Zothve,LTAS,Zothve,Zothve,Leviatan,Leviatan
Lev,Scary,LTAS,Scary,Scary_(Artur_Queiroz),Leviatan,Leviatan
Lev,Cody,LTAS,Cody,Cody,Leviatan,Leviatan
Lev,Ceo,LTAS,Ceo,Ceo,Leviatan,Leviatan
Lev,ProDelta,LTAS,ProDelta,ProDelta,Leviatan,Leviatan
LLL,Robo,LTAS,Robo,Robo,LOUD,LOUD
LLL,Wiz,LTAS,Wiz,Wiz,LOUD,LOUD
LLL,Tinowns,LTAS,Tinowns,Tinowns,LOUD,LOUD
LLL,Route,LTAS,Route,Route,LOUD,LOUD
LLL,Winsome,LTAS,Winsome,Winsome,LOUD,LOUD
PNG,Wizer,LTAS,Wizer,Wizer,PaiN Gaming,PaiN_Gaming
PNG,CarioK,LTAS,CarioK,CarioK,PaiN Gaming,PaiN_Gaming
PNG,DyNquedo,LTAS,DyNquedo,DyNquedo,PaiN Gaming,PaiN_Gaming
PNG,TitaN,LTAS,TitaN,TitaN,PaiN Gaming,PaiN_Gaming
PNG,Kuri,LTAS,Kuri,Kuri,PaiN Gaming,PaiN_Gaming
RED,fNb,LTAS,fNb,fNb,RED Canids,RED_Canids
RED,Aegis,LTAS,Aegis,Aegis_(Gabriel_Lemos),RED Canids,RED_Canids
RED,Grevthar,LTAS,Grevthar,Grevthar,RED Canids,RED_Canids
RED,Brance,LTAS,Brance,Brance,RED Canids,RED_Canids
RED,Frosty,LTAS,Frosty,Frosty_(José_Eduardo),RED Canids,RED_Canids
VKS,Boal,LTAS,Boal,Boal,Vivo Keyd Stars,Vivo_Keyd_Stars
VKS,Disamis,LTAS,Disamis,Disamis,Vivo Keyd Stars,Vivo_Keyd_Stars
VKS,Kisee,LTAS,Kisee,Kisee,Vivo Keyd Stars,Vivo_Keyd_Stars
VKS,Morttheus,LTAS,Morttheus,Morttheus,Vivo Keyd Stars,Vivo_Keyd_Stars
VKS,Trymbi,LTAS,Trymbi,Trymbi,Vivo Keyd Stars,Vivo_Keyd_Stars
IE,Burdol,LTAS,Burdol,Burdol,Isurus Estral,Isurus_Estral
IE,Josedeodo,LTAS,Josedeodo,Josedeodo,Isurus Estral,Isurus_Estral
IE,Mireu,LTAS,Mireu,Mireu,Isurus Estral,Isurus_Estral
IE,Snaker,LTAS,Snaker,Snaker,Isurus Estral,Isurus_Estral
IE,Ackerman,LTAS,Ackerman,Ackerman_(Gabriel_Aparicio),Isurus Estral,Isurus_Estral
C9,Thanatos,LTAN,Thanatos,Thanatos_(Park_Seung-gyu),Cloud9,Cloud9
C9,Blaber,LTAN,Blaber,Blaber,Cloud9,Cloud9
C9,Loki,LTAN,Loki,Loki_(Lee_Sang-min),Cloud9,Cloud9
C9,Zven,LTAN,Zven,Zven,Cloud9,Cloud9
C9,VULCAN,LTAN,VULCAN,VULCAN,Cloud9,Cloud9
DIG,Srtty,LTAN,Srtty,Srtty,Dignitas,Dignitas
DIG,LirA,LTAN,LirA,LirA,Dignitas,Dignitas
DIG,Keine,LTAN,Keine,Keine,Dignitas,Dignitas
DIG,Tomo,LTAN,Tomo,Tomo,Dignitas,Dignitas
DIG,Isles,LTAN,Isles,Isles,Dignitas,Dignitas
DIG,Sheiden,LTAN,Sheiden,Sheiden,Dignitas,Dignitas
FLY,Bwipo,LTAN,Bwipo,Bwipo,FlyQuest,FlyQuest
FLY,Inspired,LTAN,Inspired,Inspired,FlyQuest,FlyQuest
FLY,Quad,LTAN,Quad,Quad,FlyQuest,FlyQuest
FLY,Massu,LTAN,Massu,Massu,FlyQuest,FlyQuest
FLY,Busio,LTAN,Busio,Busio,FlyQuest,FlyQuest
LYO,Licorice,LTAN,Licorice,Licorice,LYON,LYON_(2024_American_Team)
LYO,Oddie,LTAN,Oddie,Oddie,LYON,LYON_(2024_American_Team)
LYO,Saint,LTAN,Saint,Saint_(Kang_Sung-in),LYON,LYON_(2024_American_Team)
LYO,Hena,LTAN,Hena,Hena,LYON,LYON_(2024_American_Team)
LYO,Lyonz,LTAN,Lyonz,Lyonz,LYON,LYON_(2024_American_Team)
LYO,Young,LTAN,Young,Young_(Young_Choi),LYON,LYON_(2024_American_Team)
SR,Fudge,LTAN,Fudge,Fudge,Shopify Rebellion,Shopify_Rebellion
SR,Contractz,LTAN,Contractz,Contractz,Shopify Rebellion,Shopify_Rebellion
SR,Palafox,LTAN,Palafox,Palafox,Shopify Rebellion,Shopify_Rebellion
SR,Bvoy,LTAN,Bvoy,Bvoy,Shopify Rebellion,Shopify_Rebellion
SR,Ceos,LTAN,Ceos,Ceos,Shopify Rebellion,Shopify_Rebellion
SR,Zeyzal,LTAN,Zeyzal,Zeyzal,Shopify Rebellion,Shopify_Rebellion
TL,Impact,LTAN,Impact,Impact,Team Liquid,Team_Liquid
TL,Umti,LTAN,Umti,Umti,Team Liquid,Team_Liquid
TL,APA,LTAN,APA,APA_(Eain_Stearns),Team Liquid,Team_Liquid
TL,Yeon,LTAN,Yeon,Yeon_(Sean_Sung),Team Liquid,Team_Liquid
TL,CoreJJ,LTAN,CoreJJ,CoreJJ,Team Liquid,Team_Liquid
100T,Sniper,LTAN,Sniper,Sniper,100 Thieves,100_Thieves
100T,River,LTAN,River,River_(Kim_Dong-woo),100 Thieves,100_Thieves
100T,Quid,LTAN,Quid,Quid,100 Thieves,100_Thieves
100T,FBI,LTAN,FBI,FBI,100 Thieves,100_Thieves
100T,Eyla,LTAN,Eyla,Eyla,100 Thieves,100_Thieves
DSG,Castle,LTAN,Castle,Castle_(Cho_Hyeon-seong),Disguised,Disguised
DSG,Exyu,LTAN,Exyu,Exyu,Disguised,Disguised
DSG,Abbedagge,LTAN,Abbedagge,Abbedagge,Disguised,Disguised
DSG,ScaryJerry,LTAN,ScaryJerry,ScaryJerry,Disguised,Disguised
DSG,Huhi,LTAN,Huhi,Huhi,Disguised,Disguised
AF,Nightslayer,PRM,Nightslayer,Nightslayer,Austrian Force Willhaben,Austrian_Force_willhaben
AF,D4nka,PRM,D4nka,D4nka,Austrian Force Willhaben,Austrian_Force_willhaben
AF,Nan0,PRM,Nan0,Nan0,Austrian Force Willhaben,Austrian_Force_willhaben
AF,Vaynedeta,PRM,Vaynedeta,Vaynedeta,Austrian Force Willhaben,Austrian_Force_willhaben
AF,HungryPanda,PRM,HungryPanda,HungryPanda,Austrian Force Willhaben,Austrian_Force_willhaben
BIG,Shelfmade,PRM,Shelfmade,Shelfmade,Berlin International Gaming,Berlin_International_Gaming
BIG,Densi,PRM,Densi,Densi,Berlin International Gaming,Berlin_International_Gaming
BIG,Leb,PRM,Leb,Leb,Berlin International Gaming,Berlin_International_Gaming
BIG,Dajor,PRM,Dajor,Dajor,Berlin International Gaming,Berlin_International_Gaming
BIG,Bean,PRM,Bean,BEAN_(Louis_Schmitz),Berlin International Gaming,Berlin_International_Gaming
BIG,Limit,PRM,Limit,LIMIT_(Dino_Tot),Berlin International Gaming,Berlin_International_Gaming
DD,Send0o,PRM,Send0o,Send0o,Dung Dynasty,Dung_Dynasty
DD,Raider,PRM,Raider,Raider,Dung Dynasty,Dung_Dynasty
DD,Agurin,PRM,Agurin,Agurin,Dung Dynasty,Dung_Dynasty
DD,Evolved,PRM,Evolved,KatEvolved,Dung Dynasty,Dung_Dynasty
DD,Phantasm,PRM,Phantasm,Phantasm,Dung Dynasty,Dung_Dynasty
DD,Innaxe,PRM,Innaxe,Innaxe,Dung Dynasty,Dung_Dynasty
DD,Efias,PRM,Efias,Efias,Dung Dynasty,Dung_Dynasty
EWI,Rocklho,PRM,Rocklho,Rocklho,E WIE EINFACH E-SPORTS,E_WIE_EINFACH_E-SPORTS
EWI,Afroboi,PRM,Afroboi,Afroboi,E WIE EINFACH E-SPORTS,E_WIE_EINFACH_E-SPORTS
EWI,relative,PRM,relative,relative,E WIE EINFACH E-SPORTS,E_WIE_EINFACH_E-SPORTS
EWI,noz2k,PRM,noz2k,noz2k,E WIE EINFACH E-SPORTS,E_WIE_EINFACH_E-SPORTS
EWI,tockimo,PRM,tockimo,tockimo,E WIE EINFACH E-SPORTS,E_WIE_EINFACH_E-SPORTS
EINS,Pride,PRM,Pride,Pride_(Mahdi_Nasserzadeh),Eintracht Spandau,Eintracht_Spandau
EINS,Jokaa,PRM,Jokaa,Jokaa,Eintracht Spandau,Eintracht_Spandau
EINS,PowerOfEvil,PRM,PowerOfEvil,PowerOfEvil,Eintracht Spandau,Eintracht_Spandau
EINS,Broeki,PRM,Broeki,Broeki,Eintracht Spandau,Eintracht_Spandau
EINS,Lilipp,PRM,Lilipp,Lilipp,Eintracht Spandau,Eintracht_Spandau
EINF,Sacre,PRM,Sacre,Sacre,Eintracht Frankfurt,Eintracht_Frankfurt
EINF,Techoteco,PRM,Techoteco,Techoteco,Eintracht Frankfurt,Eintracht_Frankfurt
EINF,Zazee,PRM,Zazee,Zazee,Eintracht Frankfurt,Eintracht_Frankfurt
EINF,Varry,PRM,Varry,Varry,Eintracht Frankfurt,Eintracht_Frankfurt
EINF,Veignorem,PRM,Veignorem,Veignorem,Eintracht Frankfurt,Eintracht_Frankfurt
KHK,Venour,PRM,Venour,Venour,Kaufland Hangry Knights,Kaufland_Hangry_Knights
KHK,Rabble,PRM,Rabble,Rabble_(Jochem_van_Graafeiland),Kaufland Hangry Knights,Kaufland_Hangry_Knights
KHK,Random,PRM,Random,Random,Kaufland Hangry Knights,Kaufland_Hangry_Knights
KHK,Fun K3y,PRM,Fun K3y,Fun K3y,Kaufland Hangry Knights,Kaufland_Hangry_Knights
KHK,Visdom,PRM,Visdom,Visdom,Kaufland Hangry Knights,Kaufland_Hangry_Knights
ROSS,Nice Guy Ben,PRM,Nice Guy Ben,Nice_Guy_Ben,ROSSMANN Centaurs,ROSSMANN_Centaurs
ROSS,Vikes,PRM,Vikes,Vikes,ROSSMANN Centaurs,ROSSMANN_Centaurs
ROSS,Xagog,PRM,Xagog,Xagog,ROSSMANN Centaurs,ROSSMANN_Centaurs
ROSS,RoyalKanin,PRM,RoyalKanin,RoyalKanin,ROSSMANN Centaurs,ROSSMANN_Centaurs
ROSS,Syzyfek,PRM,Syzyfek,Syzyfek,ROSSMANN Centaurs,ROSSMANN_Centaurs
ROSS,Wildenbruch,PRM,Wildenbruch,Wildenbruch,ROSSMANN Centaurs,ROSSMANN_Centaurs
ORG,Smurfe,PRM,Smurfe,Smurfe,TeamOrangeGaming,TeamOrangeGaming
ORG,Cboi,PRM,Cboi,Cboi,TeamOrangeGaming,TeamOrangeGaming
ORG,Six10,PRM,Six10,Six10,TeamOrangeGaming,TeamOrangeGaming
ORG,Vzz,PRM,Vzz,Vzz,TeamOrangeGaming,TeamOrangeGaming
ORG,Infoneral,PRM,Infoneral,Infoneral,TeamOrangeGaming,TeamOrangeGaming
UOL,Fornoreason,PRM,Fornoreason,Fornoreason,Unicorns of Love Sexy Edition,Unicorns_of_Love_Sexy_Edition
UOL,White,PRM,White,White_(Aslan_Panglose),Unicorns of Love Sexy Edition,Unicorns_of_Love_Sexy_Edition
UOL,Simpli,PRM,Simpli,Simpli,Unicorns of Love Sexy Edition,Unicorns_of_Love_Sexy_Edition
UOL,Denvoksne,PRM,Denvoksne,Denvoksne,Unicorns of Love Sexy Edition,Unicorns_of_Love_Sexy_Edition
UOL,Seaz,PRM,Seaz,Seaz,Unicorns of Love Sexy Edition,Unicorns_of_Love_Sexy_Edition